,Contrast,name,A,B,mean(A),std(A),mean(B),std(B),T,dof,Tail,p-unc,p-corr,p-adjust,BF10,cohen
0,name * group_label,Accessory olfactory bulb,alcohol,relapse,"2126214,899","2433488,998","6420882,892","1888533,381","-3,118",8,one-sided,"0,007140428832617","0,080546043674561",fdr_bh,"8,217","-1,972"
1,name * group_label,Accessory olfactory bulb,alcohol,cue,"2126214,899","2433488,998","7228059,328","2499961,844","-3,27",8,one-sided,"0,005678794841415","0,080546043674561",fdr_bh,"9,571","-2,068"
2,name * group_label,Accessory olfactory bulb,relapse,cue,"6420882,892","1888533,381","7228059,328","2499961,844","-0,576",8,one-sided,"0,290202960806993","0,387313025611209",fdr_bh,"1,092","-0,364"
3,name * group_label,Agranular insular area,alcohol,relapse,"10249319,878","3769151,379","13140488,439","3821556,216","-1,204",8,one-sided,"0,131422592151716","0,29153603188585",fdr_bh,"1,506","-0,762"
4,name * group_label,Agranular insular area,alcohol,cue,"10249319,878","3769151,379","13217024,449","5118716,272","-1,044",8,one-sided,"0,163515796215253","0,315996784096962",fdr_bh,"1,363","-0,66"
5,name * group_label,Agranular insular area,relapse,cue,"13140488,439","3821556,216","13217024,449","5118716,272","-0,027",8,one-sided,"0,489641286012894","0,491026953080779",fdr_bh,"0,985","-0,017"
6,name * group_label,Anterior amygdalar area,alcohol,relapse,"7529225,663","3963654,563","10081372,207","1960185,963","-1,291",8,one-sided,"0,116448160131966","0,273740077922159",fdr_bh,"1,596","-0,816"
7,name * group_label,Anterior amygdalar area,alcohol,cue,"7529225,663","3963654,563","10662145,916","5122244,029","-1,082",8,one-sided,"0,155469962959647","0,309885749847748",fdr_bh,"1,394","-0,684"
8,name * group_label,Anterior amygdalar area,relapse,cue,"10081372,207","1960185,963","10662145,916","5122244,029","-0,237",8,one-sided,"0,409386852896033","0,455831121568968",fdr_bh,"1,002","-0,15"
9,name * group_label,Anterior cingulate area,alcohol,relapse,"8237507,923","2677416,192","16997140,581","4049499,99","-4,035",8,one-sided,"0,001881506236897","0,067210886963085",fdr_bh,"20,579","-2,552"
10,name * group_label,Anterior cingulate area,alcohol,cue,"8237507,923","2677416,192","15620089,316","8169118,084","-1,92",8,one-sided,"0,045538873409136","0,175467341577305",fdr_bh,"2,623","-1,214"
11,name * group_label,Anterior cingulate area,relapse,cue,"16997140,581","4049499,99","15620089,316","8169118,084","0,338",8,one-sided,"0,372134885015433","0,445862112594951",fdr_bh,"1,021","0,214"
12,name * group_label,Anterior group of the dorsal thalamus,alcohol,relapse,"5618184,104","1177470,318","9232867,544","1982236,064","-3,506",8,one-sided,"0,00400592165198","0,076608349146599",fdr_bh,"12,126","-2,217"
13,name * group_label,Anterior group of the dorsal thalamus,alcohol,cue,"5618184,104","1177470,318","9663882,786","3556796,796","-2,415",8,one-sided,"0,021103468693358","0,13460722740643",fdr_bh,"4,124","-1,527"
14,name * group_label,Anterior group of the dorsal thalamus,relapse,cue,"9232867,544","1982236,064","9663882,786","3556796,796","-0,237",8,one-sided,"0,409421695544753","0,455831121568968",fdr_bh,"1,002","-0,15"
15,name * group_label,Anterior hypothalamic nucleus,alcohol,relapse,"7202864,66","3610283,615","10124061,424","6092998,839","-0,922",8,one-sided,"0,191672147444138","0,322870194892533",fdr_bh,"1,273","-0,583"
16,name * group_label,Anterior hypothalamic nucleus,alcohol,cue,"7202864,66","3610283,615","9237361,621","5762697,438","-0,669",8,one-sided,"0,261167295621196","0,377374762021453",fdr_bh,"1,131","-0,423"
17,name * group_label,Anterior hypothalamic nucleus,relapse,cue,"10124061,424","6092998,839","9237361,621","5762697,438","0,236",8,one-sided,"0,409524467949263","0,455831121568968",fdr_bh,"1,002","0,15"
18,name * group_label,Anterior olfactory nucleus,alcohol,relapse,"8751906,041","4430251,866","16791410,619","6004165,294","-2,409",8,one-sided,"0,021280094497109","0,13460722740643",fdr_bh,"4,103","-1,524"
19,name * group_label,Anterior olfactory nucleus,alcohol,cue,"8751906,041","4430251,866","15077871,103","9035299,938","-1,406",8,one-sided,"0,098724099535955","0,250428063260164",fdr_bh,"1,732","-0,889"
20,name * group_label,Anterior olfactory nucleus,relapse,cue,"16791410,619","6004165,294","15077871,103","9035299,938","0,353",8,one-sided,"0,366533906089096","0,445862112594951",fdr_bh,"1,024","0,223"
21,name * group_label,Anterior pretectal nucleus,alcohol,relapse,"6830675,995","2320821,431","12840059,594","2493462,249","-3,945",8,one-sided,"0,002133678951209","0,067210886963085",fdr_bh,"18,817","-2,495"
22,name * group_label,Anterior pretectal nucleus,alcohol,cue,"6830675,995","2320821,431","13647836,82","6200472,256","-2,302",8,one-sided,"0,025138598879086","0,143975611762036",fdr_bh,"3,71","-1,456"
23,name * group_label,Anterior pretectal nucleus,relapse,cue,"12840059,594","2493462,249","13647836,82","6200472,256","-0,27",8,one-sided,"0,396896136218035","0,449720442117558",fdr_bh,"1,008","-0,171"
24,name * group_label,Anteroventral preoptic nucleus,alcohol,relapse,"1416527,367","688717,866","2023035,977","986518,997","-1,127",8,one-sided,"0,146162564245659","0,304328363838551",fdr_bh,"1,434","-0,713"
25,name * group_label,Anteroventral preoptic nucleus,alcohol,cue,"1416527,367","688717,866","2626989,191","2203745,976","-1,172",8,one-sided,"0,137400658219858","0,294930379432446",fdr_bh,"1,475","-0,741"
26,name * group_label,Anteroventral preoptic nucleus,relapse,cue,"2023035,977","986518,997","2626989,191","2203745,976","-0,559",8,one-sided,"0,29562488433798","0,391268229270856",fdr_bh,"1,085","-0,354"
27,name * group_label,Auditory areas,alcohol,relapse,"10682574,357","5335432,572","17325980,704","2901680,219","-2,446",8,one-sided,"0,020095954448088","0,13460722740643",fdr_bh,"4,249","-1,547"
28,name * group_label,Auditory areas,alcohol,cue,"10682574,357","5335432,572","17465575,291","7977163,662","-1,58",8,one-sided,"0,076332995681825","0,231238080108012",fdr_bh,"1,978",-1
29,name * group_label,Auditory areas,relapse,cue,"17325980,704","2901680,219","17465575,291","7977163,662","-0,037",8,one-sided,"0,485783757113172","0,491026953080779",fdr_bh,"0,985","-0,023"
30,name * group_label,"Basolateral amygdalar nucleus, anterior part",alcohol,relapse,"10648030,485","4790276,326","18373195,054","2382269,121","-3,229",8,one-sided,"0,006039218348875","0,080546043674561",fdr_bh,"9,184","-2,042"
31,name * group_label,"Basolateral amygdalar nucleus, anterior part",alcohol,cue,"10648030,485","4790276,326","14219922,071","9129871,705","-0,775",8,one-sided,"0,23040890507762","0,352324296599274",fdr_bh,"1,183","-0,49"
32,name * group_label,"Basolateral amygdalar nucleus, anterior part",relapse,cue,"18373195,054","2382269,121","14219922,071","9129871,705","0,984",8,one-sided,"0,176908553670413","0,317548909223894",fdr_bh,"1,317","0,622"
33,name * group_label,"Basolateral amygdalar nucleus, posterior part",alcohol,relapse,"10313385,739","4352910,624","15638912,848","3186799,863","-2,207",8,one-sided,"0,029159946268839","0,146159819477194",fdr_bh,"3,395","-1,396"
34,name * group_label,"Basolateral amygdalar nucleus, posterior part",alcohol,cue,"10313385,739","4352910,624","11463056,83","5860994,272","-0,352",8,one-sided,"0,366919664962126","0,445862112594951",fdr_bh,"1,024","-0,223"
35,name * group_label,"Basolateral amygdalar nucleus, posterior part",relapse,cue,"15638912,848","3186799,863","11463056,83","5860994,272","1,4",8,one-sided,"0,099591503398088","0,250428063260164",fdr_bh,"1,724","0,885"
36,name * group_label,"Basolateral amygdalar nucleus, ventral part",alcohol,relapse,"9638631,144","5897885,352","13561634,474","2585548,672","-1,362",8,one-sided,"0,105126286278509","0,254729078290234",fdr_bh,"1,678","-0,862"
37,name * group_label,"Basolateral amygdalar nucleus, ventral part",alcohol,cue,"9638631,144","5897885,352","10891862,932","4936442,205","-0,364",8,one-sided,"0,36251734103198","0,445862112594951",fdr_bh,"1,027","-0,23"
38,name * group_label,"Basolateral amygdalar nucleus, ventral part",relapse,cue,"13561634,474","2585548,672","10891862,932","4936442,205","1,071",8,one-sided,"0,157647254246158","0,309885749847748",fdr_bh,"1,385","0,678"
39,name * group_label,Bed nuclei of the stria terminalis,alcohol,relapse,"9089762,179","3965463,707","14162514,415","1914463,648","-2,576",8,one-sided,"0,016410972393084","0,123632145694949",fdr_bh,"4,815","-1,629"
40,name * group_label,Bed nuclei of the stria terminalis,alcohol,cue,"9089762,179","3965463,707","12004558,109","5226003,268","-0,994",8,one-sided,"0,174776154053646","0,317548909223894",fdr_bh,"1,324","-0,628"
41,name * group_label,Bed nuclei of the stria terminalis,relapse,cue,"14162514,415","1914463,648","12004558,109","5226003,268","0,867",8,one-sided,"0,205598656169594","0,333400789392919",fdr_bh,"1,237","0,548"
42,name * group_label,Bed nucleus of the accessory olfactory tract,alcohol,relapse,"8245339,923","5247072,834","13298794,003","3498673,528","-1,792",8,one-sided,"0,055469733947842","0,203174025506632",fdr_bh,"2,35","-1,133"
43,name * group_label,Bed nucleus of the accessory olfactory tract,alcohol,cue,"8245339,923","5247072,834","12136002,739","7518020,178","-0,949",8,one-sided,"0,18521882249058","0,320571038926004",fdr_bh,"1,291","-0,6"
44,name * group_label,Bed nucleus of the accessory olfactory tract,relapse,cue,"13298794,003","3498673,528","12136002,739","7518020,178","0,314",8,one-sided,"0,38093908029442","0,445862112594951",fdr_bh,"1,016","0,198"
45,name * group_label,Bed nucleus of the anterior commissure,alcohol,relapse,8366420,"5359654,608",3996750,"1383230,481","1,765",8,one-sided,"0,057763753796476","0,203682784495429",fdr_bh,"2,298","1,116"
46,name * group_label,Bed nucleus of the anterior commissure,alcohol,cue,8366420,"5359654,608",9578550,"5622612,137","-0,349",8,one-sided,"0,368075428799569","0,445862112594951",fdr_bh,"1,023","-0,221"
47,name * group_label,Bed nucleus of the anterior commissure,relapse,cue,3996750,"1383230,481",9578550,"5622612,137","-2,156",8,one-sided,"0,031612338307431","0,147385265681274",fdr_bh,"3,238","-1,363"
48,name * group_label,Caudoputamen,alcohol,relapse,"11505380,787","3753959,746","13780745,184","2223357,635","-1,166",8,one-sided,"0,138570463987308","0,294930379432446",fdr_bh,"1,469","-0,738"
49,name * group_label,Caudoputamen,alcohol,cue,"11505380,787","3753959,746","12807204,152","6428694,151","-0,391",8,one-sided,"0,352993864656278","0,445862112594951",fdr_bh,"1,033","-0,247"
50,name * group_label,Caudoputamen,relapse,cue,"13780745,184","2223357,635","12807204,152","6428694,151","0,32",8,one-sided,"0,378574153810498","0,445862112594951",fdr_bh,"1,017","0,202"
51,name * group_label,Central amygdalar nucleus,alcohol,relapse,"10499405,279","4388149,278","16131637,898","3146734,353","-2,332",8,one-sided,"0,02399376067211","0,142604426636124",fdr_bh,"3,815","-1,475"
52,name * group_label,Central amygdalar nucleus,alcohol,cue,"10499405,279","4388149,278","12329527,409","5243949,499","-0,598",8,one-sided,"0,283036530649032","0,387313025611209",fdr_bh,"1,1","-0,379"
53,name * group_label,Central amygdalar nucleus,relapse,cue,"16131637,898","3146734,353","12329527,409","5243949,499","1,39",8,one-sided,"0,100966235028701","0,250428063260164",fdr_bh,"1,713","0,879"
54,name * group_label,Cortical amygdalar area,alcohol,relapse,"6953803,912","4200016,674","11817270,61","1945302,054","-2,35",8,one-sided,"0,023358503860198","0,141498629153123",fdr_bh,"3,877","-1,486"
55,name * group_label,Cortical amygdalar area,alcohol,cue,"6953803,912","4200016,674","9502294,837","4949543,285","-0,878",8,one-sided,"0,202802915397135","0,331795113748843",fdr_bh,"1,244","-0,555"
56,name * group_label,Cortical amygdalar area,relapse,cue,"11817270,61","1945302,054","9502294,837","4949543,285","0,973",8,one-sided,"0,179440336005883","0,317548909223894",fdr_bh,"1,309","0,616"
57,name * group_label,Dorsal peduncular area,alcohol,relapse,"6785751,118","1683681,077","12184092,466","3409218,732","-3,175",8,one-sided,"0,006551138751486","0,080546043674561",fdr_bh,"8,7","-2,008"
58,name * group_label,Dorsal peduncular area,alcohol,cue,"6785751,118","1683681,077","10252390,782","4965599,194","-1,478",8,one-sided,"0,088779597975042","0,231238080108012",fdr_bh,"1,828","-0,935"
59,name * group_label,Dorsal peduncular area,relapse,cue,"12184092,466","3409218,732","10252390,782","4965599,194","0,717",8,one-sided,"0,246851476278415","0,365062042383572",fdr_bh,"1,153","0,454"
60,name * group_label,Dorsomedial nucleus of the hypothalamus,alcohol,relapse,"8924867,062","3640994,056","13030422,625","5893715,727","-1,325",8,one-sided,"0,110856312530333","0,262554424413947",fdr_bh,"1,635","-0,838"
61,name * group_label,Dorsomedial nucleus of the hypothalamus,alcohol,cue,"8924867,062","3640994,056","9720823,808","4938901,035","-0,29",8,one-sided,"0,389571702981709","0,445862112594951",fdr_bh,"1,011","-0,183"
62,name * group_label,Dorsomedial nucleus of the hypothalamus,relapse,cue,"13030422,625","5893715,727","9720823,808","4938901,035","0,962",8,one-sided,"0,182013045727738","0,318522830023542",fdr_bh,"1,301","0,609"
63,name * group_label,Ectorhinal area,alcohol,relapse,"9695989,024","3928488,075","15908508,461","2393602,92","-3,02",8,one-sided,"0,008282910392871","0,083051575596645",fdr_bh,"7,452","-1,91"
64,name * group_label,Ectorhinal area,alcohol,cue,"9695989,024","3928488,075","15024586,644","6269457,015","-1,61",8,one-sided,"0,072982011625997","0,231238080108012",fdr_bh,"2,025","-1,019"
65,name * group_label,Ectorhinal area,relapse,cue,"15908508,461","2393602,92","15024586,644","6269457,015","0,295",8,one-sided,"0,387927414107002","0,445862112594951",fdr_bh,"1,012","0,186"
66,name * group_label,"Endopiriform nucleus, dorsal part",alcohol,relapse,"13610126,533","5701675,86","22037131,065","4241545,046","-2,652",8,one-sided,"0,014590896485295","0,120525499259277",fdr_bh,"5,182","-1,677"
67,name * group_label,"Endopiriform nucleus, dorsal part",alcohol,cue,"13610126,533","5701675,86","18507013,252","8141671,179","-1,102",8,one-sided,"0,151329846141418","0,307349133731996",fdr_bh,"1,411","-0,697"
68,name * group_label,"Endopiriform nucleus, dorsal part",relapse,cue,"22037131,065","4241545,046","18507013,252","8141671,179","0,86",8,one-sided,"0,207449380066705","0,333400789392919",fdr_bh,"1,233","0,544"
69,name * group_label,"Endopiriform nucleus, ventral part",alcohol,relapse,"14407070,422","6918541,396","17175173,607","3252381,765","-0,81",8,one-sided,"0,220778342877641","0,34258708377565",fdr_bh,"1,203","-0,512"
70,name * group_label,"Endopiriform nucleus, ventral part",alcohol,cue,"14407070,422","6918541,396","17041447,718","7532369,391","-0,576",8,one-sided,"0,29024002110512","0,387313025611209",fdr_bh,"1,092","-0,364"
71,name * group_label,"Endopiriform nucleus, ventral part",relapse,cue,"17175173,607","3252381,765","17041447,718","7532369,391","0,036",8,one-sided,"0,485910004171557","0,491026953080779",fdr_bh,"0,985","0,023"
72,name * group_label,Epithalamus,alcohol,relapse,"3008744,035","1281617,266","6112577,355","1641166,298","-3,333",8,one-sided,"0,00516879595735","0,080546043674561",fdr_bh,"10,196","-2,108"
73,name * group_label,Epithalamus,alcohol,cue,"3008744,035","1281617,266","4239318,313","1827933,098","-1,233",8,one-sided,"0,126365320199552","0,282857607478957",fdr_bh,"1,535","-0,78"
74,name * group_label,Epithalamus,relapse,cue,"6112577,355","1641166,298","4239318,313","1827933,098","1,705",8,one-sided,"0,063284864838726","0,209839288675775",fdr_bh,"2,186","1,078"
75,name * group_label,"Frontal pole, cerebral cortex",alcohol,relapse,"4416776,043","1443456,961","8095077,363","2477190,726","-2,869",8,one-sided,"0,010434205386048","0,099599233230458",fdr_bh,"6,415","-1,814"
76,name * group_label,"Frontal pole, cerebral cortex",alcohol,cue,"4416776,043","1443456,961","7563069,518","2893121,099","-2,176",8,one-sided,"0,030623962176174","0,146159819477194",fdr_bh,"3,299","-1,376"
77,name * group_label,"Frontal pole, cerebral cortex",relapse,cue,"8095077,363","2477190,726","7563069,518","2893121,099","0,312",8,one-sided,"0,381386148992534","0,445862112594951",fdr_bh,"1,016","0,198"
78,name * group_label,Fundus of striatum,alcohol,relapse,"13495452,761","4266668,052","14379981,883","3968933,891","-0,339",8,one-sided,"0,371517147191673","0,445862112594951",fdr_bh,"1,021","-0,215"
79,name * group_label,Fundus of striatum,alcohol,cue,"13495452,761","4266668,052","11555473,915","5519422,325","0,622",8,one-sided,"0,275685487409334","0,387313025611209",fdr_bh,"1,11","0,393"
80,name * group_label,Fundus of striatum,relapse,cue,"14379981,883","3968933,891","11555473,915","5519422,325","0,929",8,one-sided,"0,190025944882043","0,322870194892533",fdr_bh,"1,278","0,588"
81,name * group_label,"Geniculate group, dorsal thalamus",alcohol,relapse,"3652803,578","1953912,859","8379753,338","3640945,386","-2,558",8,one-sided,"0,016876769094866","0,123632145694949",fdr_bh,"4,732","-1,618"
82,name * group_label,"Geniculate group, dorsal thalamus",alcohol,cue,"3652803,578","1953912,859","7113558,985","1893635,28","-2,844",8,one-sided,"0,010838651415543","0,100416917526354",fdr_bh,"6,26","-1,799"
83,name * group_label,"Geniculate group, dorsal thalamus",relapse,cue,"8379753,338","3640945,386","7113558,985","1893635,28","0,69",8,one-sided,"0,25488655739475","0,37370891017502",fdr_bh,"1,14","0,436"
84,name * group_label,"Geniculate group, ventral thalamus",alcohol,relapse,"16267655,228","5238157,541","23673675,509","5412555,428","-2,199",8,one-sided,"0,029561004935593","0,146159819477194",fdr_bh,"3,368","-1,391"
85,name * group_label,"Geniculate group, ventral thalamus",alcohol,cue,"16267655,228","5238157,541","20299832,535","7848675,003","-0,956",8,one-sided,"0,1836506041286","0,319612929837067",fdr_bh,"1,296","-0,604"
86,name * group_label,"Geniculate group, ventral thalamus",relapse,cue,"23673675,509","5412555,428","20299832,535","7848675,003","0,791",8,one-sided,"0,225798379690909","0,34699994730108",fdr_bh,"1,192","0,5"
87,name * group_label,"Globus pallidus, external segment",alcohol,relapse,"3856637,501","1557127,188","5475306,225","729762,396","-2,105",8,one-sided,"0,034214421162001","0,147637570767537",fdr_bh,"3,091","-1,331"
88,name * group_label,"Globus pallidus, external segment",alcohol,cue,"3856637,501","1557127,188","6177328,721","2611933,24","-1,706",8,one-sided,"0,063152091318201","0,209839288675775",fdr_bh,"2,189","-1,079"
89,name * group_label,"Globus pallidus, external segment",relapse,cue,"5475306,225","729762,396","6177328,721","2611933,24","-0,579",8,one-sided,"0,289315567610407","0,387313025611209",fdr_bh,"1,093","-0,366"
90,name * group_label,"Globus pallidus, internal segment",alcohol,relapse,"5961701,946","3692005,274","8157833,53","1166375,848","-1,268",8,one-sided,"0,120175620857725","0,278347945368997",fdr_bh,"1,572","-0,802"
91,name * group_label,"Globus pallidus, internal segment",alcohol,cue,"5961701,946","3692005,274","7086973,038","3564216,293","-0,49",8,one-sided,"0,318535923420916","0,411305885079913",fdr_bh,"1,061","-0,31"
92,name * group_label,"Globus pallidus, internal segment",relapse,cue,"8157833,53","1166375,848","7086973,038","3564216,293","0,639",8,one-sided,"0,27049519354397","0,385184211714639",fdr_bh,"1,117","0,404"
93,name * group_label,Gustatory areas,alcohol,relapse,"12837047,19","4712658,037","11408965,63","2303036,08","0,609",8,one-sided,"0,279774416120861","0,387313025611209",fdr_bh,"1,105","0,385"
94,name * group_label,Gustatory areas,alcohol,cue,"12837047,19","4712658,037","13520634,653","4825880,089","-0,227",8,one-sided,"0,41320452130246","0,45669973407114",fdr_bh,"1,001","-0,143"
95,name * group_label,Gustatory areas,relapse,cue,"11408965,63","2303036,08","13520634,653","4825880,089","-0,883",8,one-sided,"0,201484533679989","0,331795113748843",fdr_bh,"1,247","-0,558"
96,name * group_label,Hippocampal region,alcohol,relapse,"7564349,091","2140042,017","9380070,858","1731670,963","-1,475",8,one-sided,"0,089245010862596","0,231238080108012",fdr_bh,"1,823","-0,933"
97,name * group_label,Hippocampal region,alcohol,cue,"7564349,091","2140042,017","8738244,207","3730720,584","-0,61",8,one-sided,"0,27929515427273","0,387313025611209",fdr_bh,"1,105","-0,386"
98,name * group_label,Hippocampal region,relapse,cue,"9380070,858","1731670,963","8738244,207","3730720,584","0,349",8,one-sided,"0,368072866748568","0,445862112594951",fdr_bh,"1,023","0,221"
99,name * group_label,Infralimbic area,alcohol,relapse,"8924939,775","3429612,144","23629834,555","7342292,563","-4,057",8,one-sided,"0,001823032659509","0,067210886963085",fdr_bh,"21,049","-2,566"
100,name * group_label,Infralimbic area,alcohol,cue,"8924939,775","3429612,144","15007746,128","8008361,782","-1,561",8,one-sided,"0,078541197602671","0,231238080108012",fdr_bh,"1,948","-0,987"
101,name * group_label,Infralimbic area,relapse,cue,"23629834,555","7342292,563","15007746,128","8008361,782","1,775",8,one-sided,"0,056950598537309","0,203682784495429",fdr_bh,"2,316","1,122"
102,name * group_label,Intercalated amygdalar nucleus,alcohol,relapse,"14196754,896","7248372,648","22728453,428","4708499,365","-2,207",8,one-sided,"0,029169285130372","0,146159819477194",fdr_bh,"3,395","-1,396"
103,name * group_label,Intercalated amygdalar nucleus,alcohol,cue,"14196754,896","7248372,648","18155328,357","9344950,437","-0,748",8,one-sided,"0,237805725668327","0,356708588502491",fdr_bh,"1,169","-0,473"
104,name * group_label,Intercalated amygdalar nucleus,relapse,cue,"22728453,428","4708499,365","18155328,357","9344950,437","0,977",8,one-sided,"0,178539488911331","0,317548909223894",fdr_bh,"1,312","0,618"
105,name * group_label,Intralaminar nuclei of the dorsal thalamus,alcohol,relapse,"6087561,597","1689758,582","10370996,798","2127303,228","-3,526",8,one-sided,"0,003891167746694","0,076608349146599",fdr_bh,"12,37","-2,23"
106,name * group_label,Intralaminar nuclei of the dorsal thalamus,alcohol,cue,"6087561,597","1689758,582","10897731,173","5283727,142","-1,939",8,one-sided,"0,044246820144456","0,174221854318794",fdr_bh,"2,666","-1,226"
107,name * group_label,Intralaminar nuclei of the dorsal thalamus,relapse,cue,"10370996,798","2127303,228","10897731,173","5283727,142","-0,207",8,one-sided,"0,420672690251819","0,461165481786275",fdr_bh,"0,998","-0,131"
108,name * group_label,Lateral group of the dorsal thalamus,alcohol,relapse,"5296085,865","1348181,686","9256106,593","2026124,439","-3,638",8,one-sided,"0,003301740323168","0,076608349146599",fdr_bh,"13,854","-2,301"
109,name * group_label,Lateral group of the dorsal thalamus,alcohol,cue,"5296085,865","1348181,686","8694315,553","3336506,047","-2,112",8,one-sided,"0,03385394782176","0,147637570767537",fdr_bh,"3,11","-1,335"
110,name * group_label,Lateral group of the dorsal thalamus,relapse,cue,"9256106,593","2026124,439","8694315,553","3336506,047","0,322",8,one-sided,"0,377921106646952","0,445862112594951",fdr_bh,"1,017","0,204"
111,name * group_label,Lateral hypothalamic area,alcohol,relapse,"8251495,231","2704063,943","12011982,537","2541450,128","-2,266",8,one-sided,"0,026613519912934","0,144538944354729",fdr_bh,"3,585","-1,433"
112,name * group_label,Lateral hypothalamic area,alcohol,cue,"8251495,231","2704063,943","10772255,494","5169015,372","-0,966",8,one-sided,"0,181112777092212","0,318522830023542",fdr_bh,"1,304","-0,611"
113,name * group_label,Lateral hypothalamic area,relapse,cue,"12011982,537","2541450,128","10772255,494","5169015,372","0,481",8,one-sided,"0,321606549642677","0,411896536883175",fdr_bh,"1,059","0,304"
114,name * group_label,Lateral preoptic area,alcohol,relapse,"6159654,681","2524542,026","8607729,962","1063966,594","-1,998",8,one-sided,"0,04037464580137","0,163051454197841",fdr_bh,"2,809","-1,264"
115,name * group_label,Lateral preoptic area,alcohol,cue,"6159654,681","2524542,026","8324829,131","5158941,1","-0,843",8,one-sided,"0,211871370521694","0,337068089466332",fdr_bh,"1,222","-0,533"
116,name * group_label,Lateral preoptic area,relapse,cue,"8607729,962","1063966,594","8324829,131","5158941,1","0,12",8,one-sided,"0,453685801305296","0,473215322553537",fdr_bh,"0,989","0,076"
117,name * group_label,Lateral septal nucleus,alcohol,relapse,"14161580,948","4804488,858","16790641,144","3357291,714","-1,003",8,one-sided,"0,172618806058994","0,317548909223894",fdr_bh,"1,331","-0,634"
118,name * group_label,Lateral septal nucleus,alcohol,cue,"14161580,948","4804488,858","15634162,439","8287584,824","-0,344",8,one-sided,"0,369953475380114","0,445862112594951",fdr_bh,"1,022","-0,217"
119,name * group_label,Lateral septal nucleus,relapse,cue,"16790641,144","3357291,714","15634162,439","8287584,824","0,289",8,one-sided,"0,389890564148096","0,445862112594951",fdr_bh,"1,011","0,183"
120,name * group_label,Magnocellular nucleus,alcohol,relapse,"4466433,327","2693072,118","5336790,9","1543185,348","-0,627",8,one-sided,"0,274060822309178","0,387126273665432",fdr_bh,"1,112","-0,397"
121,name * group_label,Magnocellular nucleus,alcohol,cue,"4466433,327","2693072,118","4594366,232","2896323,455","-0,072",8,one-sided,"0,472056696021507","0,48530211311662",fdr_bh,"0,986","-0,046"
122,name * group_label,Magnocellular nucleus,relapse,cue,"5336790,9","1543185,348","4594366,232","2896323,455","0,506",8,one-sided,"0,313299355625789","0,407807012488114",fdr_bh,"1,067","0,32"
123,name * group_label,Main olfactory bulb,alcohol,relapse,"5904491,424","4603873,008","15999409,796","10228310,369","-2,012",8,one-sided,"0,039489338917277","0,161547295570677",fdr_bh,"2,845","-1,273"
124,name * group_label,Main olfactory bulb,alcohol,cue,"5904491,424","4603873,008","18999603,594","7030959,028","-3,484",8,one-sided,"0,004134418842832","0,076608349146599",fdr_bh,"11,867","-2,204"
125,name * group_label,Main olfactory bulb,relapse,cue,"15999409,796","10228310,369","18999603,594","7030959,028","-0,541",8,one-sided,"0,301783581397256","0,397748234895966",fdr_bh,"1,078","-0,342"
126,name * group_label,Mammillary body,alcohol,relapse,"3392404,05","2101343,371","5668433,358","2500180,936","-1,558",8,one-sided,"0,078889500855484","0,231238080108012",fdr_bh,"1,944","-0,986"
127,name * group_label,Mammillary body,alcohol,cue,"3392404,05","2101343,371","5324635,663","3866914,165","-0,982",8,one-sided,"0,17749201043549","0,317548909223894",fdr_bh,"1,315","-0,621"
128,name * group_label,Mammillary body,relapse,cue,"5668433,358","2500180,936","5324635,663","3866914,165","0,167",8,one-sided,"0,435777032069118","0,463722655961276",fdr_bh,"0,994","0,106"
129,name * group_label,Medial amygdalar nucleus,alcohol,relapse,"10218350,573","4167981,266","15515636,202","1395536,531","-2,695",8,one-sided,"0,013644782593488","0,116165040998616",fdr_bh,"5,406","-1,704"
130,name * group_label,Medial amygdalar nucleus,alcohol,cue,"10218350,573","4167981,266","12712047,302","6147867,714","-0,751",8,one-sided,"0,237157786538796","0,356708588502491",fdr_bh,"1,17","-0,475"
131,name * group_label,Medial amygdalar nucleus,relapse,cue,"15515636,202","1395536,531","12712047,302","6147867,714","0,994",8,one-sided,"0,17457307842862","0,317548909223894",fdr_bh,"1,325","0,629"
132,name * group_label,Medial group of the dorsal thalamus,alcohol,relapse,"5392429,304","919154,488","9229661,016","1965750,317","-3,954",8,one-sided,"0,002106128640171","0,067210886963085",fdr_bh,"18,991","-2,501"
133,name * group_label,Medial group of the dorsal thalamus,alcohol,cue,"5392429,304","919154,488","8948641,74","4422823,521","-1,76",8,one-sided,"0,058195081284409","0,203682784495429",fdr_bh,"2,288","-1,113"
134,name * group_label,Medial group of the dorsal thalamus,relapse,cue,"9229661,016","1965750,317","8948641,74","4422823,521","0,13",8,one-sided,"0,449952847207936","0,472450489568333",fdr_bh,"0,99","0,082"
135,name * group_label,Medial preoptic area,alcohol,relapse,"3129561,42","1442505,631","4186903,439","1924840,107","-0,983",8,one-sided,"0,177217837656788","0,317548909223894",fdr_bh,"1,316","-0,622"
136,name * group_label,Medial preoptic area,alcohol,cue,"3129561,42","1442505,631","4830756,849","3459300,536","-1,015",8,one-sided,"0,169922694773709","0,317548909223894",fdr_bh,"1,34","-0,642"
137,name * group_label,Medial preoptic area,relapse,cue,"4186903,439","1924840,107","4830756,849","3459300,536","-0,364",8,one-sided,"0,362762119873024","0,445862112594951",fdr_bh,"1,027","-0,23"
138,name * group_label,Medial pretectal area,alcohol,relapse,"10448181,517","5115659,83","22907582,3","3973658,073","-4,301",8,one-sided,"0,001306193081065","0,067210886963085",fdr_bh,"26,769","-2,72"
139,name * group_label,Medial pretectal area,alcohol,cue,"10448181,517","5115659,83","20310126,029","9083035,905","-2,115",8,one-sided,"0,033653386174713","0,147637570767537",fdr_bh,"3,121","-1,338"
140,name * group_label,Medial pretectal area,relapse,cue,"22907582,3","3973658,073","20310126,029","9083035,905","0,586",8,one-sided,"0,28706882923846","0,387313025611209",fdr_bh,"1,095","0,371"
141,name * group_label,Medial septal complex,alcohol,relapse,"6019252,961","2215008,389","6334304,296","2515625,72","-0,21",8,one-sided,"0,419391554299117","0,461165481786275",fdr_bh,"0,999","-0,133"
142,name * group_label,Medial septal complex,alcohol,cue,"6019252,961","2215008,389","6396162,976","3752128,728","-0,193",8,one-sided,"0,425722101681954","0,462318417539355",fdr_bh,"0,997","-0,122"
143,name * group_label,Medial septal complex,relapse,cue,"6334304,296","2515625,72","6396162,976","3752128,728","-0,031",8,one-sided,"0,488161559957742","0,491026953080779",fdr_bh,"0,985","-0,019"
144,name * group_label,Midline group of the dorsal thalamus,alcohol,relapse,"13647446,122","4644395,688","24436841,892","6540186,695","-3,008",8,one-sided,"0,008436985457437","0,083051575596645",fdr_bh,"7,363","-1,902"
145,name * group_label,Midline group of the dorsal thalamus,alcohol,cue,"13647446,122","4644395,688","23580151,271","9809907,674","-2,046",8,one-sided,"0,037468178825266","0,155295741183666",fdr_bh,"2,932","-1,294"
146,name * group_label,Midline group of the dorsal thalamus,relapse,cue,"24436841,892","6540186,695","23580151,271","9809907,674","0,162",8,one-sided,"0,437480080195001","0,463722655961276",fdr_bh,"0,993","0,103"
147,name * group_label,Nucleus accumbens,alcohol,relapse,"11795735,745","4995074,123","18310990,636","2359535,116","-2,637",8,one-sided,"0,014922204670196","0,120525499259277",fdr_bh,"5,11","-1,668"
148,name * group_label,Nucleus accumbens,alcohol,cue,"11795735,745","4995074,123","15308328,12","7433097,827","-0,877",8,one-sided,"0,203014542662336","0,331795113748843",fdr_bh,"1,243","-0,555"
149,name * group_label,Nucleus accumbens,relapse,cue,"18310990,636","2359535,116","15308328,12","7433097,827","0,861",8,one-sided,"0,207163424950678","0,333400789392919",fdr_bh,"1,233","0,545"
150,name * group_label,Nucleus of the lateral lemniscus,alcohol,relapse,"1886281,158","971128,891","2687504,508","1175094,573","-1,175",8,one-sided,"0,136844651465651","0,294930379432446",fdr_bh,"1,478","-0,743"
151,name * group_label,Nucleus of the lateral lemniscus,alcohol,cue,"1886281,158","971128,891","2423689,07","968938,086","-0,876",8,one-sided,"0,203290339535005","0,331795113748843",fdr_bh,"1,243","-0,554"
152,name * group_label,Nucleus of the lateral lemniscus,relapse,cue,"2687504,508","1175094,573","2423689,07","968938,086","0,387",8,one-sided,"0,354309844291466","0,445862112594951",fdr_bh,"1,032","0,245"
153,name * group_label,Nucleus of the lateral olfactory tract,alcohol,relapse,"7357478,19","5696890,374","13333024,211","1303163,911","-2,286",8,one-sided,"0,025777450848059","0,144538944354729",fdr_bh,"3,654","-1,446"
154,name * group_label,Nucleus of the lateral olfactory tract,alcohol,cue,"7357478,19","5696890,374","10598153,346","5160645,894","-0,943",8,one-sided,"0,18671283615643","0,32139094748238",fdr_bh,"1,287","-0,596"
155,name * group_label,Nucleus of the lateral olfactory tract,relapse,cue,"13333024,211","1303163,911","10598153,346","5160645,894","1,149",8,one-sided,"0,141886608028465","0,299961620999775",fdr_bh,"1,453","0,727"
156,name * group_label,Nucleus of the optic tract,alcohol,relapse,"9126636,948","4179893,64","11685723,327","3317056,971","-1,072",8,one-sided,"0,157418110918991","0,309885749847748",fdr_bh,"1,386","-0,678"
157,name * group_label,Nucleus of the optic tract,alcohol,cue,"9126636,948","4179893,64","12754047,392","7695019,717","-0,926",8,one-sided,"0,190705295453449","0,322870194892533",fdr_bh,"1,276","-0,586"
158,name * group_label,Nucleus of the optic tract,relapse,cue,"11685723,327","3317056,971","12754047,392","7695019,717","-0,285",8,one-sided,"0,391411352506642","0,445862112594951",fdr_bh,"1,01","-0,18"
159,name * group_label,Nucleus of the posterior commissure,alcohol,relapse,"13376707,138","4702157,36","26863627,474","4054214,546","-4,857",8,one-sided,"0,000629986621037","0,067210886963085",fdr_bh,"45,876","-3,072"
160,name * group_label,Nucleus of the posterior commissure,alcohol,cue,"13376707,138","4702157,36","22601824,324","7552025,479","-2,319",8,one-sided,"0,024508370715459","0,14296549584018",fdr_bh,"3,767","-1,466"
161,name * group_label,Nucleus of the posterior commissure,relapse,cue,"26863627,474","4054214,546","22601824,324","7552025,479","1,112",8,one-sided,"0,149259543523317","0,30530361175224",fdr_bh,"1,42","0,703"
162,name * group_label,Olfactory tubercle,alcohol,relapse,"4562321,855","4220741,974","7736478,418","2847306,624","-1,394",8,one-sided,"0,100400142483897","0,250428063260164",fdr_bh,"1,718","-0,882"
163,name * group_label,Olfactory tubercle,alcohol,cue,"4562321,855","4220741,974","6716726,639","3789322,539","-0,849",8,one-sided,"0,210200135550891","0,336106815728582",fdr_bh,"1,226","-0,537"
164,name * group_label,Olfactory tubercle,relapse,cue,"7736478,418","2847306,624","6716726,639","3789322,539","0,481",8,one-sided,"0,321671581184955","0,411896536883175",fdr_bh,"1,059","0,304"
165,name * group_label,Olivary pretectal nucleus,alcohol,relapse,"6209295,881","3014851,931","11110457,192","4135595,91","-2,141",8,one-sided,"0,032318196344643","0,147385265681274",fdr_bh,"3,196","-1,354"
166,name * group_label,Olivary pretectal nucleus,alcohol,cue,"6209295,881","3014851,931","15008779,216","10211847,12","-1,848",8,one-sided,"0,050897963785877","0,190867364197037",fdr_bh,"2,464","-1,169"
167,name * group_label,Olivary pretectal nucleus,relapse,cue,"11110457,192","4135595,91","15008779,216","10211847,12","-0,791",8,one-sided,"0,225825362529274","0,34699994730108",fdr_bh,"1,192","-0,5"
168,name * group_label,Orbital area,alcohol,relapse,"8862533,221","3628968,219","21176977,481","5255637,014","-4,311",8,one-sided,"0,001287916300864","0,067210886963085",fdr_bh,"27,045","-2,727"
169,name * group_label,Orbital area,alcohol,cue,"8862533,221","3628968,219","15833018,118","7997603,207","-1,775",8,one-sided,"0,056930664043208","0,203682784495429",fdr_bh,"2,316","-1,122"
170,name * group_label,Orbital area,relapse,cue,"21176977,481","5255637,014","15833018,118","7997603,207","1,249",8,one-sided,"0,123547477464192","0,282098908354451",fdr_bh,"1,551","0,79"
171,name * group_label,Parastrial nucleus,alcohol,relapse,"5493624,755","565918,65","9772385,711","2971412,525","-3,163",8,one-sided,"0,006666990574725","0,080546043674561",fdr_bh,"8,599",-2
172,name * group_label,Parastrial nucleus,alcohol,cue,"5493624,755","565918,65","8735933,566","4624061,934","-1,556",8,one-sided,"0,079126858564298","0,231238080108012",fdr_bh,"1,941","-0,984"
173,name * group_label,Parastrial nucleus,relapse,cue,"9772385,711","2971412,525","8735933,566","4624061,934","0,422",8,one-sided,"0,342191801793458","0,436398451679917",fdr_bh,"1,041","0,267"
174,name * group_label,Parasubthalamic nucleus,alcohol,relapse,"12192800,58","5409866,086","22911983,231","7788237,088","-2,528",8,one-sided,"0,017693362323818","0,126668389363698",fdr_bh,"4,595","-1,599"
175,name * group_label,Parasubthalamic nucleus,alcohol,cue,"12192800,58","5409866,086","17152414,589","8865697,321","-1,068",8,one-sided,"0,158386049922182","0,309885749847748",fdr_bh,"1,382","-0,675"
176,name * group_label,Parasubthalamic nucleus,relapse,cue,"22911983,231","7788237,088","17152414,589","8865697,321","1,091",8,one-sided,"0,153445779682072","0,30786892101817",fdr_bh,"1,402","0,69"
177,name * group_label,"Paraventricular hypothalamic nucleus, descending division",alcohol,relapse,"10626428,086","4454579,979","18339354,876","9183888,52","-1,69",8,one-sided,"0,064782598726769","0,21256790207221",fdr_bh,"2,159","-1,069"
178,name * group_label,"Paraventricular hypothalamic nucleus, descending division",alcohol,cue,"10626428,086","4454579,979","14855796,931","7377766,117","-1,097",8,one-sided,"0,152210999562512","0,307349133731996",fdr_bh,"1,407","-0,694"
179,name * group_label,"Paraventricular hypothalamic nucleus, descending division",relapse,cue,"18339354,876","9183888,52","14855796,931","7377766,117","0,661",8,one-sided,"0,263522948530452","0,377538082386724",fdr_bh,"1,127","0,418"
180,name * group_label,Peripeduncular nucleus,alcohol,relapse,"7403175,962","5661329,016","10187514,286","2830223,685","-0,984",8,one-sided,"0,177045171114767","0,317548909223894",fdr_bh,"1,317","-0,622"
181,name * group_label,Peripeduncular nucleus,alcohol,cue,"7403175,962","5661329,016","7863995,777","3130239,693","-0,159",8,one-sided,"0,438696353893524","0,463722655961276",fdr_bh,"0,993","-0,101"
182,name * group_label,Peripeduncular nucleus,relapse,cue,"10187514,286","2830223,685","7863995,777","3130239,693","1,231",8,one-sided,"0,126612452871533","0,282857607478957",fdr_bh,"1,533","0,779"
183,name * group_label,Perirhinal area,alcohol,relapse,"7824837,179","2639524,619","11187937,182","2546705,341","-2,05",8,one-sided,"0,037236448538097","0,155295741183666",fdr_bh,"2,943","-1,297"
184,name * group_label,Perirhinal area,alcohol,cue,"7824837,179","2639524,619","11599843,153","4914497,192","-1,513",8,one-sided,"0,084346704266903","0,231238080108012",fdr_bh,"1,877","-0,957"
185,name * group_label,Perirhinal area,relapse,cue,"11187937,182","2546705,341","11599843,153","4914497,192","-0,166",8,one-sided,"0,435985507130458","0,463722655961276",fdr_bh,"0,993","-0,105"
186,name * group_label,Piriform area,alcohol,relapse,"9130242,622","5026635,057","14376266,455","1502636,63","-2,236",8,one-sided,"0,027890706580841","0,146159819477194",fdr_bh,"3,486","-1,414"
187,name * group_label,Piriform area,alcohol,cue,"9130242,622","5026635,057","12445950,482","6204662,575","-0,928",8,one-sided,"0,190161073653096","0,322870194892533",fdr_bh,"1,277","-0,587"
188,name * group_label,Piriform area,relapse,cue,"14376266,455","1502636,63","12445950,482","6204662,575","0,676",8,one-sided,"0,259017022094492","0,375992451427489",fdr_bh,"1,134","0,428"
189,name * group_label,Piriform-amygdalar area,alcohol,relapse,"6497967,834","5904650,883","11774105,277","1720221,201","-1,918",8,one-sided,"0,045677212728061","0,175467341577305",fdr_bh,"2,619","-1,213"
190,name * group_label,Piriform-amygdalar area,alcohol,cue,"6497967,834","5904650,883","8469087,059","4457713,186","-0,596",8,one-sided,"0,283906388001741","0,387313025611209",fdr_bh,"1,099","-0,377"
191,name * group_label,Piriform-amygdalar area,relapse,cue,"11774105,277","1720221,201","8469087,059","4457713,186","1,547",8,one-sided,"0,080262383376169","0,231238080108012",fdr_bh,"1,926","0,978"
192,name * group_label,Pontine gray,alcohol,relapse,"15117012,152","6217684,993","22986655,641","3847659,497","-2,407",8,one-sided,"0,021366226572449","0,13460722740643",fdr_bh,"4,093","-1,522"
193,name * group_label,Pontine gray,alcohol,cue,"15117012,152","6217684,993","22719376,849","7629239,713","-1,727",8,one-sided,"0,061197635749468","0,207282314635294",fdr_bh,"2,226","-1,092"
194,name * group_label,Pontine gray,relapse,cue,"22986655,641","3847659,497","22719376,849","7629239,713","0,07",8,one-sided,"0,472976980085087","0,48530211311662",fdr_bh,"0,986","0,044"
195,name * group_label,Pontine reticular nucleus,alcohol,relapse,"4910603,409","1256081,433","8678687,573","2227181,509","-3,295",8,one-sided,"0,005468506624084","0,080546043674561",fdr_bh,"9,816","-2,084"
196,name * group_label,Pontine reticular nucleus,alcohol,cue,"4910603,409","1256081,433","8209082,636","4018544,245","-1,752",8,one-sided,"0,058953450209478","0,204069635340499",fdr_bh,"2,272","-1,108"
197,name * group_label,Pontine reticular nucleus,relapse,cue,"8678687,573","2227181,509","8209082,636","4018544,245","0,229",8,one-sided,"0,412475865927745","0,45669973407114",fdr_bh,"1,001","0,145"
198,name * group_label,Posterior hypothalamic nucleus,alcohol,relapse,"9782960,326","4977367,316","17100531,515","5838011,225","-2,133",8,one-sided,"0,032752281262505","0,147385265681274",fdr_bh,"3,171","-1,349"
199,name * group_label,Posterior hypothalamic nucleus,alcohol,cue,"9782960,326","4977367,316","16198570,95","8281275,675","-1,485",8,one-sided,"0,087952703830758","0,231238080108012",fdr_bh,"1,837","-0,939"
200,name * group_label,Posterior hypothalamic nucleus,relapse,cue,"17100531,515","5838011,225","16198570,95","8281275,675","0,199",8,one-sided,"0,423593753586512","0,461702534185991",fdr_bh,"0,997","0,126"
201,name * group_label,Posterior parietal association areas,alcohol,relapse,"11055301,542","5934293,248","19639295,474","4572738,684","-2,562",8,one-sided,"0,016769044713047","0,123632145694949",fdr_bh,"4,751","-1,62"
202,name * group_label,Posterior parietal association areas,alcohol,cue,"11055301,542","5934293,248","18501160,388","7002908,906","-1,814",8,one-sided,"0,053629674118731","0,198745262910593",fdr_bh,"2,394","-1,147"
203,name * group_label,Posterior parietal association areas,relapse,cue,"19639295,474","4572738,684","18501160,388","7002908,906","0,304",8,one-sided,"0,384337121689022","0,445862112594951",fdr_bh,"1,014","0,192"
204,name * group_label,Posterior pretectal nucleus,alcohol,relapse,"12187222,403","6193522,944","18483995,282","1625936,775","-2,199",8,one-sided,"0,02955047935442","0,146159819477194",fdr_bh,"3,369","-1,391"
205,name * group_label,Posterior pretectal nucleus,alcohol,cue,"12187222,403","6193522,944","18854484,211","7952242,07","-1,479",8,one-sided,"0,088691131307206","0,231238080108012",fdr_bh,"1,829","-0,935"
206,name * group_label,Posterior pretectal nucleus,relapse,cue,"18483995,282","1625936,775","18854484,211","7952242,07","-0,102",8,one-sided,"0,460608437150742","0,476717430440001",fdr_bh,"0,988","-0,065"
207,name * group_label,Postpiriform transition area,alcohol,relapse,"6155311,52","2847658,214","8726112,895","2507868,658","-1,515",8,one-sided,"0,084126869904413","0,231238080108012",fdr_bh,"1,88","-0,958"
208,name * group_label,Postpiriform transition area,alcohol,cue,"6155311,52","2847658,214","8521852,259","3750342,28","-1,124",8,one-sided,"0,146850512074475","0,304328363838551",fdr_bh,"1,43","-0,711"
209,name * group_label,Postpiriform transition area,relapse,cue,"8726112,895","2507868,658","8521852,259","3750342,28","0,101",8,one-sided,"0,46092677862497","0,476717430440001",fdr_bh,"0,988","0,064"
210,name * group_label,Precommissural nucleus,alcohol,relapse,"12665860,288","4710273,651","26084842,853","1464955,94","-6,083",8,one-sided,"0,000147495549268","0,046461098019431",fdr_bh,"140,343","-3,847"
211,name * group_label,Precommissural nucleus,alcohol,cue,"12665860,288","4710273,651","23607775,938","8254094,548","-2,575",8,one-sided,"0,016448052560567","0,123632145694949",fdr_bh,"4,808","-1,628"
212,name * group_label,Precommissural nucleus,relapse,cue,"26084842,853","1464955,94","23607775,938","8254094,548","0,661",8,one-sided,"0,263677390873267","0,377538082386724",fdr_bh,"1,127","0,418"
213,name * group_label,Prelimbic area,alcohol,relapse,"8625588,264","3504172,048","17065614,644","2804514,781","-4,205",8,one-sided,"0,001488367895615","0,067210886963085",fdr_bh,"24,352","-2,659"
214,name * group_label,Prelimbic area,alcohol,cue,"8625588,264","3504172,048","13754691,476","8630545,247","-1,231",8,one-sided,"0,126594293603903","0,282857607478957",fdr_bh,"1,533","-0,779"
215,name * group_label,Prelimbic area,relapse,cue,"17065614,644","2804514,781","13754691,476","8630545,247","0,816",8,one-sided,"0,219106488417501","0,341675959660955",fdr_bh,"1,206","0,516"
216,name * group_label,Preparasubthalamic nucleus,alcohol,relapse,"12553324,663","2952186,849",20691760,"4912803,826","-3,175",8,one-sided,"0,006547291293673","0,080546043674561",fdr_bh,"8,703","-2,008"
217,name * group_label,Preparasubthalamic nucleus,alcohol,cue,"12553324,663","2952186,849","17089276,667","7410276,215","-1,272",8,one-sided,"0,119627593200018","0,278347945368997",fdr_bh,"1,575","-0,804"
218,name * group_label,Preparasubthalamic nucleus,relapse,cue,20691760,"4912803,826","17089276,667","7410276,215","0,906",8,one-sided,"0,195695805153846","0,327894567146071",fdr_bh,"1,262","0,573"
219,name * group_label,Reticular nucleus of the thalamus,alcohol,relapse,"4463461,522","1512188,337","5490057,77","1360716,215","-1,128",8,one-sided,"0,145919182835902","0,304328363838551",fdr_bh,"1,435","-0,714"
220,name * group_label,Reticular nucleus of the thalamus,alcohol,cue,"4463461,522","1512188,337","5185568,897","2288348,382","-0,589",8,one-sided,"0,286156918461438","0,387313025611209",fdr_bh,"1,097","-0,372"
221,name * group_label,Reticular nucleus of the thalamus,relapse,cue,"5490057,77","1360716,215","5185568,897","2288348,382","0,256",8,one-sided,"0,402303666641087","0,454213817175421",fdr_bh,"1,005","0,162"
222,name * group_label,Retrochiasmatic area,alcohol,relapse,"1429979,541","1265423,576","3514200,42","2789498,408","-1,521",8,one-sided,"0,083316453975614","0,231238080108012",fdr_bh,"1,889","-0,962"
223,name * group_label,Retrochiasmatic area,alcohol,cue,"1429979,541","1265423,576","2621424,403","2019809,462","-1,118",8,one-sided,"0,148054385036524","0,304817851545785",fdr_bh,"1,425","-0,707"
224,name * group_label,Retrochiasmatic area,relapse,cue,"3514200,42","2789498,408","2621424,403","2019809,462","0,58",8,one-sided,"0,28905148857624","0,387313025611209",fdr_bh,"1,093","0,367"
225,name * group_label,Retrohippocampal region,alcohol,relapse,"5705926,763","2163319,17","9872410,947","1144063,33","-3,807",8,one-sided,"0,002592334716671","0,074235039613746",fdr_bh,"16,401","-2,408"
226,name * group_label,Retrohippocampal region,alcohol,cue,"5705926,763","2163319,17","7954967,509","3398105,731","-1,248",8,one-sided,"0,12358618842195","0,282098908354451",fdr_bh,"1,551","-0,79"
227,name * group_label,Retrohippocampal region,relapse,cue,"9872410,947","1144063,33","7954967,509","3398105,731","1,196",8,one-sided,"0,133008602132749","0,291605333504088",fdr_bh,"1,498","0,756"
228,name * group_label,Retrosplenial area,alcohol,relapse,"6429580,744","2459015,939","12042197,288","2520722,865","-3,564",8,one-sided,"0,003679389288352","0,076608349146599",fdr_bh,"12,855","-2,254"
229,name * group_label,Retrosplenial area,alcohol,cue,"6429580,744","2459015,939","11583221,482","4783575,631","-2,143",8,one-sided,"0,032260127266999","0,147385265681274",fdr_bh,"3,199","-1,355"
230,name * group_label,Retrosplenial area,relapse,cue,"12042197,288","2520722,865","11583221,482","4783575,631","0,19",8,one-sided,"0,427094157155404","0,462318417539355",fdr_bh,"0,996","0,12"
231,name * group_label,Septofimbrial nucleus,alcohol,relapse,"11260720,054","3078686,284","13613970,846","6165667,367","-0,764",8,one-sided,"0,233528150752146","0,355368925057614",fdr_bh,"1,177","-0,483"
232,name * group_label,Septofimbrial nucleus,alcohol,cue,"11260720,054","3078686,284","13710923,53","6922166,021","-0,723",8,one-sided,"0,245082660209901","0,364155839462825",fdr_bh,"1,156","-0,457"
233,name * group_label,Septofimbrial nucleus,relapse,cue,"13613970,846","6165667,367","13710923,53","6922166,021","-0,023",8,one-sided,"0,490957337330125","0,491026953080779",fdr_bh,"0,985","-0,015"
234,name * group_label,Somatomotor areas,alcohol,relapse,"8370659,848","2912402,594","11223716,343","3196185,391","-1,475",8,one-sided,"0,089174856988887","0,231238080108012",fdr_bh,"1,824","-0,933"
235,name * group_label,Somatomotor areas,alcohol,cue,"8370659,848","2912402,594","11896311,118","4239131,625","-1,533",8,one-sided,"0,081929468500859","0,231238080108012",fdr_bh,"1,906","-0,969"
236,name * group_label,Somatomotor areas,relapse,cue,"11223716,343","3196185,391","11896311,118","4239131,625","-0,283",8,one-sided,"0,392075572027941","0,445862112594951",fdr_bh,"1,01","-0,179"
237,name * group_label,Somatosensory areas,alcohol,relapse,"11461661,625","5210390,351","16165691,933","3568574,336","-1,666",8,one-sided,"0,067181738310789","0,218167500699983",fdr_bh,"2,117","-1,053"
238,name * group_label,Somatosensory areas,alcohol,cue,"11461661,625","5210390,351","16805335,354","6025933,778","-1,5",8,one-sided,"0,086008876388412","0,231238080108012",fdr_bh,"1,858","-0,949"
239,name * group_label,Somatosensory areas,relapse,cue,"16165691,933","3568574,336","16805335,354","6025933,778","-0,204",8,one-sided,"0,42163701191888","0,461165481786275",fdr_bh,"0,998","-0,129"
240,name * group_label,Subparafascicular nucleus,alcohol,relapse,"10244377,13","3834712,712","11598235,875","1377433,835","-0,743",8,one-sided,"0,239372289500555","0,357356735510308",fdr_bh,"1,166","-0,47"
241,name * group_label,Subparafascicular nucleus,alcohol,cue,"10244377,13","3834712,712","12493442,396","6207135,653","-0,689",8,one-sided,"0,255071160913109","0,37370891017502",fdr_bh,"1,14","-0,436"
242,name * group_label,Subparafascicular nucleus,relapse,cue,"11598235,875","1377433,835","12493442,396","6207135,653","-0,315",8,one-sided,"0,380472071562759","0,445862112594951",fdr_bh,"1,016","-0,199"
243,name * group_label,Substantia innominata,alcohol,relapse,"7223808,269","3069810,436","9329260,518","730592,662","-1,492",8,one-sided,"0,087027166788663","0,231238080108012",fdr_bh,"1,847","-0,944"
244,name * group_label,Substantia innominata,alcohol,cue,"7223808,269","3069810,436","7909443,496","3752476,707","-0,316",8,one-sided,"0,379961568568882","0,445862112594951",fdr_bh,"1,016","-0,2"
245,name * group_label,Substantia innominata,relapse,cue,"9329260,518","730592,662","7909443,496","3752476,707","0,83",8,one-sided,"0,215180872143288","0,338633398482857",fdr_bh,"1,215","0,525"
246,name * group_label,Subthalamic nucleus,alcohol,relapse,"4520354,52","1995953,693","12814530,338","4742931,367","-3,604",8,one-sided,"0,003470062071048","0,076608349146599",fdr_bh,"13,385","-2,279"
247,name * group_label,Subthalamic nucleus,alcohol,cue,"4520354,52","1995953,693","8844546,973","5920858,554","-1,548",8,one-sided,"0,080164604002245","0,231238080108012",fdr_bh,"1,928","-0,979"
248,name * group_label,Subthalamic nucleus,relapse,cue,"12814530,338","4742931,367","8844546,973","5920858,554","1,17",8,one-sided,"0,137807449436642","0,294930379432446",fdr_bh,"1,473","0,74"
249,name * group_label,"Superior colliculus, motor related, deep gray layer",alcohol,relapse,"10909647,802","4662970,176","14226874,426","1092537,115","-1,549",8,one-sided,"0,080012163377375","0,231238080108012",fdr_bh,"1,929","-0,98"
250,name * group_label,"Superior colliculus, motor related, deep gray layer",alcohol,cue,"10909647,802","4662970,176","14642838,945","6615181,274","-1,031",8,one-sided,"0,166259459477099","0,317548909223894",fdr_bh,"1,353","-0,652"
251,name * group_label,"Superior colliculus, motor related, deep gray layer",relapse,cue,"14226874,426","1092537,115","14642838,945","6615181,274","-0,139",8,one-sided,"0,446547845369357","0,470443382245309",fdr_bh,"0,991","-0,088"
252,name * group_label,"Superior colliculus, motor related, deep white layer",alcohol,relapse,"7159387,669","2943400,212","10108837,489","1175732,211","-2,081",8,one-sided,"0,035513360938648","0,151171739130729",fdr_bh,"3,025","-1,316"
253,name * group_label,"Superior colliculus, motor related, deep white layer",alcohol,cue,"7159387,669","2943400,212","9605912,67","4582964,909","-1,004",8,one-sided,"0,172302786153752","0,317548909223894",fdr_bh,"1,332","-0,635"
254,name * group_label,"Superior colliculus, motor related, deep white layer",relapse,cue,"10108837,489","1175732,211","9605912,67","4582964,909","0,238",8,one-sided,"0,409050048449039","0,455831121568968",fdr_bh,"1,003","0,15"
255,name * group_label,"Superior colliculus, motor related, intermediate gray layer",alcohol,relapse,"11597799,509","4387539,546","19265917,847","3389534,338","-3,093",8,one-sided,"0,007415350052579","0,080546043674561",fdr_bh,"8,014","-1,956"
256,name * group_label,"Superior colliculus, motor related, intermediate gray layer",alcohol,cue,"11597799,509","4387539,546","18083394,204","8080667,17","-1,577",8,one-sided,"0,076701527944265","0,231238080108012",fdr_bh,"1,973","-0,998"
257,name * group_label,"Superior colliculus, motor related, intermediate gray layer",relapse,cue,"19265917,847","3389534,338","18083394,204","8080667,17","0,302",8,one-sided,"0,385267352282164","0,445862112594951",fdr_bh,"1,013","0,191"
258,name * group_label,"Superior colliculus, motor related, intermediate white layer",alcohol,relapse,"11819609,709","4844661,135","18156593,271","1469708,686","-2,799",8,one-sided,"0,011618693503996","0,104568241535961",fdr_bh,"5,987","-1,77"
259,name * group_label,"Superior colliculus, motor related, intermediate white layer",alcohol,cue,"11819609,709","4844661,135","18072513,048","7967124,71","-1,499",8,one-sided,"0,086066848584194","0,231238080108012",fdr_bh,"1,858","-0,948"
260,name * group_label,"Superior colliculus, motor related, intermediate white layer",relapse,cue,"18156593,271","1469708,686","18072513,048","7967124,71","0,023",8,one-sided,"0,491026953080779","0,491026953080779",fdr_bh,"0,985","0,015"
261,name * group_label,"Superior colliculus, optic layer",alcohol,relapse,"12984597,766","5568010,122","21643217,794","5612509,464","-2,449",8,one-sided,"0,020000504490642","0,13460722740643",fdr_bh,"4,261","-1,549"
262,name * group_label,"Superior colliculus, optic layer",alcohol,cue,"12984597,766","5568010,122","19129906,317","7489296,271","-1,472",8,one-sided,"0,089558875470405","0,231238080108012",fdr_bh,"1,82","-0,931"
263,name * group_label,"Superior colliculus, optic layer",relapse,cue,"21643217,794","5612509,464","19129906,317","7489296,271","0,6",8,one-sided,"0,282400181920724","0,387313025611209",fdr_bh,"1,101","0,38"
264,name * group_label,"Superior colliculus, superficial gray layer",alcohol,relapse,"4829517,877","2370945,394","9182486,608","3260643,612","-2,414",8,one-sided,"0,021110111978036","0,13460722740643",fdr_bh,"4,123","-1,527"
265,name * group_label,"Superior colliculus, superficial gray layer",alcohol,cue,"4829517,877","2370945,394","7960736,604","2802775,146","-1,907",8,one-sided,"0,046463570524112","0,176337647169821",fdr_bh,"2,594","-1,206"
266,name * group_label,"Superior colliculus, superficial gray layer",relapse,cue,"9182486,608","3260643,612","7960736,604","2802775,146","0,635",8,one-sided,"0,271463158732222","0,385184211714639",fdr_bh,"1,116","0,402"
267,name * group_label,Supraoptic nucleus,alcohol,relapse,"2337977,643","1575981,31","5279426,849","2257123,823","-2,389",8,one-sided,"0,021953948105886","0,135597914771646",fdr_bh,"4,026","-1,511"
268,name * group_label,Supraoptic nucleus,alcohol,cue,"2337977,643","1575981,31","6093033,714","4897604,304","-1,632",8,one-sided,"0,070661035250817","0,22712475616334",fdr_bh,"2,06","-1,032"
269,name * group_label,Supraoptic nucleus,relapse,cue,"5279426,849","2257123,823","6093033,714","4897604,304","-0,337",8,one-sided,"0,372263094058717","0,445862112594951",fdr_bh,"1,021","-0,213"
270,name * group_label,Taenia tecta,alcohol,relapse,"7442500,244","2494818,232","13780839,845","1678077,804","-4,714",8,one-sided,"0,000757076036945","0,067210886963085",fdr_bh,"39,989","-2,981"
271,name * group_label,Taenia tecta,alcohol,cue,"7442500,244","2494818,232","12676300,987","6285220,789","-1,731",8,one-sided,"0,060880356108612","0,207282314635294",fdr_bh,"2,233","-1,095"
272,name * group_label,Taenia tecta,relapse,cue,"13780839,845","1678077,804","12676300,987","6285220,789","0,38",8,one-sided,"0,357039409874937","0,445862112594951",fdr_bh,"1,03","0,24"
273,name * group_label,Tegmental reticular nucleus,alcohol,relapse,"12718883,519","3936694,301","22964450,904","6411496,258","-3,045",8,one-sided,"0,007970254361249","0,083051575596645",fdr_bh,"7,643","-1,926"
274,name * group_label,Tegmental reticular nucleus,alcohol,cue,"12718883,519","3936694,301","19937820,962","6272270,164","-2,18",8,one-sided,"0,030441401908542","0,146159819477194",fdr_bh,"3,31","-1,379"
275,name * group_label,Tegmental reticular nucleus,relapse,cue,"22964450,904","6411496,258","19937820,962","6272270,164","0,755",8,one-sided,"0,236073499387554","0,356708588502491",fdr_bh,"1,172","0,477"
276,name * group_label,Temporal association areas,alcohol,relapse,"9143179,722","3927646,284","17060303,847","3317447,415","-3,443",8,one-sided,"0,004389802964194","0,076821551873401",fdr_bh,"11,391","-2,178"
277,name * group_label,Temporal association areas,alcohol,cue,"9143179,722","3927646,284","12657045,47","6575320,22","-1,026",8,one-sided,"0,16748339651221","0,317548909223894",fdr_bh,"1,349","-0,649"
278,name * group_label,Temporal association areas,relapse,cue,"17060303,847","3317447,415","12657045,47","6575320,22","1,337",8,one-sided,"0,109011708947976","0,262127391745135",fdr_bh,"1,649","0,846"
279,name * group_label,Triangular nucleus of septum,alcohol,relapse,"7863111,265","3886623,23","5842975,163","3836931,525","0,827",8,one-sided,"0,216080359031918","0,338633398482857",fdr_bh,"1,213","0,523"
280,name * group_label,Triangular nucleus of septum,alcohol,cue,"7863111,265","3886623,23","6987267,964","3148090,554","0,392",8,one-sided,"0,352802805220987","0,445862112594951",fdr_bh,"1,033","0,248"
281,name * group_label,Triangular nucleus of septum,relapse,cue,"5842975,163","3836931,525","6987267,964","3148090,554","-0,516",8,one-sided,"0,310056001815917","0,406948502383392",fdr_bh,"1,07","-0,326"
282,name * group_label,Tuberal nucleus,alcohol,relapse,"2533744,182","920448,654","4463469,719","1288445,41","-2,725",8,one-sided,"0,013022042325331","0,113942870346642",fdr_bh,"5,568","-1,723"
283,name * group_label,Tuberal nucleus,alcohol,cue,"2533744,182","920448,654","3082012,136","1934175,243","-0,572",8,one-sided,"0,291406943078909","0,387313025611209",fdr_bh,"1,09","-0,362"
284,name * group_label,Tuberal nucleus,relapse,cue,"4463469,719","1288445,41","3082012,136","1934175,243","1,329",8,one-sided,"0,110223487368049","0,262554424413947",fdr_bh,"1,64","0,841"
285,name * group_label,Ventral group of the dorsal thalamus,alcohol,relapse,"8882813,54","1082754,632","12738201,487","2553716,525","-3,108",8,one-sided,"0,007244563865098","0,080546043674561",fdr_bh,"8,139","-1,966"
286,name * group_label,Ventral group of the dorsal thalamus,alcohol,cue,"8882813,54","1082754,632","12572714,13","5878644,311","-1,38",8,one-sided,"0,102414770022129","0,251409862947559",fdr_bh,"1,7","-0,873"
287,name * group_label,Ventral group of the dorsal thalamus,relapse,cue,"12738201,487","2553716,525","12572714,13","5878644,311","0,058",8,one-sided,"0,477688090730523","0,487621322661755",fdr_bh,"0,986","0,037"
288,name * group_label,Ventral premammillary nucleus,alcohol,relapse,"4855063,996","3911543,347","5275326,92","3271164,993","-0,184",8,one-sided,"0,429183985876558","0,462989573805191",fdr_bh,"0,995","-0,117"
289,name * group_label,Ventral premammillary nucleus,alcohol,cue,"4855063,996","3911543,347","6202364,291","4741359,949","-0,49",8,one-sided,"0,318598844315869","0,411305885079913",fdr_bh,"1,061","-0,31"
290,name * group_label,Ventral premammillary nucleus,relapse,cue,"5275326,92","3271164,993","6202364,291","4741359,949","-0,36",8,one-sided,"0,364132205193082","0,445862112594951",fdr_bh,"1,026","-0,228"
291,name * group_label,Ventrolateral preoptic nucleus,alcohol,relapse,"968223,232","494657,374","2065568,889","1134047,309","-1,983",8,one-sided,"0,041316308247781","0,16474224174748",fdr_bh,"2,772","-1,254"
292,name * group_label,Ventrolateral preoptic nucleus,alcohol,cue,"968223,232","494657,374","1968159,091","1309280,148","-1,598",8,one-sided,"0,074406552874884","0,231238080108012",fdr_bh,"2,005","-1,01"
293,name * group_label,Ventrolateral preoptic nucleus,relapse,cue,"2065568,889","1134047,309","1968159,091","1309280,148","0,126",8,one-sided,"0,451516427348773","0,472517191411506",fdr_bh,"0,99","0,08"
294,name * group_label,Ventromedial hypothalamic nucleus,alcohol,relapse,"2916644,22","2215864,298","4424369,44","3352805,765","-0,839",8,one-sided,"0,212944070647169","0,337072272632454",fdr_bh,"1,22","-0,531"
295,name * group_label,Ventromedial hypothalamic nucleus,alcohol,cue,"2916644,22","2215864,298","3078738,83","2889963,563","-0,1",8,one-sided,"0,461583543759366","0,476717430440001",fdr_bh,"0,988","-0,063"
296,name * group_label,Ventromedial hypothalamic nucleus,relapse,cue,"4424369,44","3352805,765","3078738,83","2889963,563","0,68",8,one-sided,"0,257918798060888","0,375992451427489",fdr_bh,"1,135","0,43"
297,name * group_label,Visceral area,alcohol,relapse,"10841412,273","3790665,045","11200494,33","2846186,821","-0,169",8,one-sided,"0,434848839612128","0,463722655961276",fdr_bh,"0,994","-0,107"
298,name * group_label,Visceral area,alcohol,cue,"10841412,273","3790665,045","13782116,064","4989609,776","-1,049",8,one-sided,"0,162334506762843","0,31565042981664",fdr_bh,"1,367","-0,664"
299,name * group_label,Visceral area,relapse,cue,"11200494,33","2846186,821","13782116,064","4989609,776","-1,005",8,one-sided,"0,172174966337939","0,317548909223894",fdr_bh,"1,332","-0,636"
300,name * group_label,Visual areas,alcohol,relapse,"12375742,74","7136701,886","24435845,539","4899753,876","-3,115",8,one-sided,"0,007166711740884","0,080546043674561",fdr_bh,"8,197","-1,97"
301,name * group_label,Visual areas,alcohol,cue,"12375742,74","7136701,886","18578847,366","7112341,784","-1,377",8,one-sided,"0,102958324826143","0,251409862947559",fdr_bh,"1,696","-0,871"
302,name * group_label,Visual areas,relapse,cue,"24435845,539","4899753,876","18578847,366","7112341,784","1,516",8,one-sided,"0,083946107213462","0,231238080108012",fdr_bh,"1,882","0,959"
303,name * group_label,Zona incerta,alcohol,relapse,"9975824,571","3505233,563","13905276,089","1652198,512","-2,267",8,one-sided,"0,026551544496564","0,144538944354729",fdr_bh,"3,59","-1,434"
304,name * group_label,Zona incerta,alcohol,cue,"9975824,571","3505233,563","14382490,129","6043001,544","-1,41",8,one-sided,"0,098038837379271","0,250428063260164",fdr_bh,"1,738","-0,892"
305,name * group_label,Zona incerta,relapse,cue,"13905276,089","1652198,512","14382490,129","6043001,544","-0,17",8,one-sided,"0,434489670386727","0,463722655961276",fdr_bh,"0,994","-0,108"
306,name * group_label,columns of the fornix,alcohol,relapse,"2631892,745","925533,789","2914255,164","822089,283","-0,51",8,one-sided,"0,311898732382521","0,407668467636906",fdr_bh,"1,068","-0,323"
307,name * group_label,columns of the fornix,alcohol,cue,"2631892,745","925533,789","2874563,11","1352933,218","-0,331",8,one-sided,"0,374563705682463","0,445862112594951",fdr_bh,"1,019","-0,209"
308,name * group_label,columns of the fornix,relapse,cue,"2914255,164","822089,283","2874563,11","1352933,218","0,056",8,one-sided,"0,478333297468198","0,487621322661755",fdr_bh,"0,986","0,035"
309,name * group_label,dorsal hippocampal commissure,alcohol,relapse,"1020774,713","356384,379","1475502,692","299378,041","-2,185",8,one-sided,"0,030214170299101","0,146159819477194",fdr_bh,"3,325","-1,382"
310,name * group_label,dorsal hippocampal commissure,alcohol,cue,"1020774,713","356384,379","1331726,616","460436,957","-1,194",8,one-sided,"0,133305295316154","0,291605333504088",fdr_bh,"1,496","-0,755"
311,name * group_label,dorsal hippocampal commissure,relapse,cue,"1475502,692","299378,041","1331726,616","460436,957","0,585",8,one-sided,"0,28721580584144","0,387313025611209",fdr_bh,"1,095","0,37"
312,name * group_label,ventral hippocampal commissure,alcohol,relapse,"945565,935","423950,363","704534,936","429535,99","0,893",8,one-sided,"0,198953495457774","0,33158915909629",fdr_bh,"1,254","0,565"
313,name * group_label,ventral hippocampal commissure,alcohol,cue,"945565,935","423950,363","1044594,079","611754,773","-0,298",8,one-sided,"0,386829263791401","0,445862112594951",fdr_bh,"1,013","-0,188"
314,name * group_label,ventral hippocampal commissure,relapse,cue,"704534,936","429535,99","1044594,079","611754,773","-1,017",8,one-sided,"0,169401770253851","0,317548909223894",fdr_bh,"1,342","-0,643"
